104.154.100.116,37.41919999999999,-122.0574,US,94043,"Mountain View","United States",NA
104.154.110.31,37.41919999999999,-122.0574,US,94043,"Mountain View","United States",NA
104.154.113.232,37.41919999999999,-122.0574,US,94043,"Mountain View","United States",NA
104.154.114.145,37.41919999999999,-122.0574,US,94043,"Mountain View","United States",NA
104.154.118.200,37.41919999999999,-122.0574,US,94043,"Mountain View","United States",NA
104.154.120.7,37.41919999999999,-122.0574,US,94043,"Mountain View","United States",NA
104.154.128.125,37.41919999999999,-122.0574,US,94043,"Mountain View","United States",NA
104.154.128.253,37.41919999999999,-122.0574,US,94043,"Mountain View","United States",NA
104.154.129.216,37.41919999999999,-122.0574,US,94043,"Mountain View","United States",NA
104.154.130.95,37.41919999999999,-122.0574,US,94043,"Mountain View","United States",NA
104.154.135.154,37.41919999999999,-122.0574,US,94043,"Mountain View","United States",NA
104.154.136.216,37.41919999999999,-122.0574,US,94043,"Mountain View","United States",NA
104.154.136.76,37.41919999999999,-122.0574,US,94043,"Mountain View","United States",NA
104.154.139.106,37.41919999999999,-122.0574,US,94043,"Mountain View","United States",NA
104.154.139.15,37.41919999999999,-122.0574,US,94043,"Mountain View","United States",NA
104.154.140.163,37.41919999999999,-122.0574,US,94043,"Mountain View","United States",NA
104.154.140.242,37.41919999999999,-122.0574,US,94043,"Mountain View","United States",NA
104.154.141.45,37.41919999999999,-122.0574,US,94043,"Mountain View","United States",NA
104.154.142.154,37.41919999999999,-122.0574,US,94043,"Mountain View","United States",NA
104.154.143.57,37.41919999999999,-122.0574,US,94043,"Mountain View","United States",NA
104.154.144.177,37.41919999999999,-122.0574,US,94043,"Mountain View","United States",NA
104.154.147.134,37.41919999999999,-122.0574,US,94043,"Mountain View","United States",NA
104.154.147.67,37.41919999999999,-122.0574,US,94043,"Mountain View","United States",NA
104.154.149.37,37.41919999999999,-122.0574,US,94043,"Mountain View","United States",NA
104.154.150.79,37.41919999999999,-122.0574,US,94043,"Mountain View","United States",NA
104.154.151.157,37.41919999999999,-122.0574,US,94043,"Mountain View","United States",NA
104.154.151.233,37.41919999999999,-122.0574,US,94043,"Mountain View","United States",NA
104.154.151.66,37.41919999999999,-122.0574,US,94043,"Mountain View","United States",NA
104.154.153.119,37.41919999999999,-122.0574,US,94043,"Mountain View","United States",NA
104.154.153.225,37.41919999999999,-122.0574,US,94043,"Mountain View","United States",NA
104.154.153.240,37.41919999999999,-122.0574,US,94043,"Mountain View","United States",NA
104.154.154.120,37.41919999999999,-122.0574,US,94043,"Mountain View","United States",NA
104.154.156.47,37.41919999999999,-122.0574,US,94043,"Mountain View","United States",NA
104.154.158.38,37.41919999999999,-122.0574,US,94043,"Mountain View","United States",NA
104.154.160.146,37.41919999999999,-122.0574,US,94043,"Mountain View","United States",NA
104.154.160.50,37.41919999999999,-122.0574,US,94043,"Mountain View","United States",NA
104.154.162.132,37.41919999999999,-122.0574,US,94043,"Mountain View","United States",NA
104.154.163.142,37.41919999999999,-122.0574,US,94043,"Mountain View","United States",NA
104.154.163.67,37.41919999999999,-122.0574,US,94043,"Mountain View","United States",NA
104.154.164.140,37.41919999999999,-122.0574,US,94043,"Mountain View","United States",NA
104.154.164.203,37.41919999999999,-122.0574,US,94043,"Mountain View","United States",NA
104.154.166.165,37.41919999999999,-122.0574,US,94043,"Mountain View","United States",NA
104.154.169.206,37.41919999999999,-122.0574,US,94043,"Mountain View","United States",NA
104.154.171.179,37.41919999999999,-122.0574,US,94043,"Mountain View","United States",NA
104.154.171.24,37.41919999999999,-122.0574,US,94043,"Mountain View","United States",NA
104.154.17.202,37.41919999999999,-122.0574,US,94043,"Mountain View","United States",NA
104.154.17.229,37.41919999999999,-122.0574,US,94043,"Mountain View","United States",NA
104.154.173.180,37.41919999999999,-122.0574,US,94043,"Mountain View","United States",NA
104.154.173.193,37.41919999999999,-122.0574,US,94043,"Mountain View","United States",NA
104.154.173.90,37.41919999999999,-122.0574,US,94043,"Mountain View","United States",NA
104.154.175.130,37.41919999999999,-122.0574,US,94043,"Mountain View","United States",NA
104.154.175.143,37.41919999999999,-122.0574,US,94043,"Mountain View","United States",NA
104.154.176.132,37.41919999999999,-122.0574,US,94043,"Mountain View","United States",NA
104.154.176.231,37.41919999999999,-122.0574,US,94043,"Mountain View","United States",NA
104.154.176.239,37.41919999999999,-122.0574,US,94043,"Mountain View","United States",NA
104.154.176.49,37.41919999999999,-122.0574,US,94043,"Mountain View","United States",NA
104.154.177.107,37.41919999999999,-122.0574,US,94043,"Mountain View","United States",NA
104.154.177.136,37.41919999999999,-122.0574,US,94043,"Mountain View","United States",NA
104.154.177.45,37.41919999999999,-122.0574,US,94043,"Mountain View","United States",NA
104.154.177.56,37.41919999999999,-122.0574,US,94043,"Mountain View","United States",NA
104.154.177.64,37.41919999999999,-122.0574,US,94043,"Mountain View","United States",NA
104.154.181.231,37.41919999999999,-122.0574,US,94043,"Mountain View","United States",NA
104.154.183.35,37.41919999999999,-122.0574,US,94043,"Mountain View","United States",NA
104.154.183.74,37.41919999999999,-122.0574,US,94043,"Mountain View","United States",NA
104.154.184.75,37.41919999999999,-122.0574,US,94043,"Mountain View","United States",NA
104.154.186.117,37.41919999999999,-122.0574,US,94043,"Mountain View","United States",NA
104.154.190.23,37.41919999999999,-122.0574,US,94043,"Mountain View","United States",NA
104.154.190.64,37.41919999999999,-122.0574,US,94043,"Mountain View","United States",NA
104.154.194.208,37.41919999999999,-122.0574,US,94043,"Mountain View","United States",NA
104.154.198.23,37.41919999999999,-122.0574,US,94043,"Mountain View","United States",NA
104.154.201.135,37.41919999999999,-122.0574,US,94043,"Mountain View","United States",NA
104.154.201.72,37.41919999999999,-122.0574,US,94043,"Mountain View","United States",NA
104.154.212.205,37.41919999999999,-122.0574,US,94043,"Mountain View","United States",NA
104.154.212.95,37.41919999999999,-122.0574,US,94043,"Mountain View","United States",NA
104.154.213.205,37.41919999999999,-122.0574,US,94043,"Mountain View","United States",NA
104.154.214.58,37.41919999999999,-122.0574,US,94043,"Mountain View","United States",NA
104.154.219.172,37.41919999999999,-122.0574,US,94043,"Mountain View","United States",NA
104.154.222.125,37.41919999999999,-122.0574,US,94043,"Mountain View","United States",NA
104.154.223.142,37.41919999999999,-122.0574,US,94043,"Mountain View","United States",NA
104.154.225.33,37.41919999999999,-122.0574,US,94043,"Mountain View","United States",NA
104.154.228.102,37.41919999999999,-122.0574,US,94043,"Mountain View","United States",NA
104.154.228.143,37.41919999999999,-122.0574,US,94043,"Mountain View","United States",NA
104.154.228.227,37.41919999999999,-122.0574,US,94043,"Mountain View","United States",NA
104.154.230.248,37.41919999999999,-122.0574,US,94043,"Mountain View","United States",NA
104.154.231.209,37.41919999999999,-122.0574,US,94043,"Mountain View","United States",NA
104.154.231.72,37.41919999999999,-122.0574,US,94043,"Mountain View","United States",NA
104.154.233.143,37.41919999999999,-122.0574,US,94043,"Mountain View","United States",NA
104.154.236.68,37.41919999999999,-122.0574,US,94043,"Mountain View","United States",NA
104.154.237.33,37.41919999999999,-122.0574,US,94043,"Mountain View","United States",NA
104.154.245.248,37.41919999999999,-122.0574,US,94043,"Mountain View","United States",NA
104.154.249.88,37.41919999999999,-122.0574,US,94043,"Mountain View","United States",NA
104.154.252.204,37.41919999999999,-122.0574,US,94043,"Mountain View","United States",NA
104.154.26.43,37.41919999999999,-122.0574,US,94043,"Mountain View","United States",NA
104.154.27.163,37.41919999999999,-122.0574,US,94043,"Mountain View","United States",NA
104.154.29.108,37.41919999999999,-122.0574,US,94043,"Mountain View","United States",NA
104.154.41.158,37.41919999999999,-122.0574,US,94043,"Mountain View","United States",NA
104.154.48.145,37.41919999999999,-122.0574,US,94043,"Mountain View","United States",NA
104.154.48.161,37.41919999999999,-122.0574,US,94043,"Mountain View","United States",NA
104.154.48.9,37.41919999999999,-122.0574,US,94043,"Mountain View","United States",NA
104.154.53.226,37.41919999999999,-122.0574,US,94043,"Mountain View","United States",NA
104.154.71.4,37.41919999999999,-122.0574,US,94043,"Mountain View","United States",NA
104.154.71.82,37.41919999999999,-122.0574,US,94043,"Mountain View","United States",NA
104.154.75.243,37.41919999999999,-122.0574,US,94043,"Mountain View","United States",NA
104.154.80.201,37.41919999999999,-122.0574,US,94043,"Mountain View","United States",NA
104.154.80.238,37.41919999999999,-122.0574,US,94043,"Mountain View","United States",NA
104.154.84.15,37.41919999999999,-122.0574,US,94043,"Mountain View","United States",NA
104.154.97.54,37.41919999999999,-122.0574,US,94043,"Mountain View","United States",NA
104.155.129.240,37.41919999999999,-122.0574,US,94043,"Mountain View","United States",NA
104.155.129.73,37.41919999999999,-122.0574,US,94043,"Mountain View","United States",NA
104.155.130.83,37.41919999999999,-122.0574,US,94043,"Mountain View","United States",NA
104.155.137.190,37.41919999999999,-122.0574,US,94043,"Mountain View","United States",NA
104.155.139.164,37.41919999999999,-122.0574,US,94043,"Mountain View","United States",NA
104.155.148.122,37.41919999999999,-122.0574,US,94043,"Mountain View","United States",NA
104.155.150.67,37.41919999999999,-122.0574,US,94043,"Mountain View","United States",NA
104.155.151.156,37.41919999999999,-122.0574,US,94043,"Mountain View","United States",NA
104.155.154.123,37.41919999999999,-122.0574,US,94043,"Mountain View","United States",NA
104.155.155.9,37.41919999999999,-122.0574,US,94043,"Mountain View","United States",NA
104.155.156.234,37.41919999999999,-122.0574,US,94043,"Mountain View","United States",NA
104.155.158.62,37.41919999999999,-122.0574,US,94043,"Mountain View","United States",NA
104.155.159.78,37.41919999999999,-122.0574,US,94043,"Mountain View","United States",NA
104.155.162.223,37.41919999999999,-122.0574,US,94043,"Mountain View","United States",NA
104.155.165.244,37.41919999999999,-122.0574,US,94043,"Mountain View","United States",NA
104.155.170.157,37.41919999999999,-122.0574,US,94043,"Mountain View","United States",NA
104.155.170.52,37.41919999999999,-122.0574,US,94043,"Mountain View","United States",NA
104.155.173.6,37.41919999999999,-122.0574,US,94043,"Mountain View","United States",NA
104.155.180.192,37.41919999999999,-122.0574,US,94043,"Mountain View","United States",NA
104.155.180.58,37.41919999999999,-122.0574,US,94043,"Mountain View","United States",NA
104.155.181.123,37.41919999999999,-122.0574,US,94043,"Mountain View","United States",NA
104.155.182.39,37.41919999999999,-122.0574,US,94043,"Mountain View","United States",NA
104.155.182.89,37.41919999999999,-122.0574,US,94043,"Mountain View","United States",NA
104.155.191.55,37.41919999999999,-122.0574,US,94043,"Mountain View","United States",NA
104.197.0.61,37.41919999999999,-122.0574,US,94043,"Mountain View","United States",NA
104.197.105.243,37.41919999999999,-122.0574,US,94043,"Mountain View","United States",NA
104.197.109.250,37.41919999999999,-122.0574,US,94043,"Mountain View","United States",NA
104.197.110.31,37.41919999999999,-122.0574,US,94043,"Mountain View","United States",NA
104.197.111.133,37.41919999999999,-122.0574,US,94043,"Mountain View","United States",NA
104.197.111.217,37.41919999999999,-122.0574,US,94043,"Mountain View","United States",NA
104.197.111.41,37.41919999999999,-122.0574,US,94043,"Mountain View","United States",NA
104.197.113.8,37.41919999999999,-122.0574,US,94043,"Mountain View","United States",NA
104.197.125.40,37.41919999999999,-122.0574,US,94043,"Mountain View","United States",NA
104.197.130.141,37.41919999999999,-122.0574,US,94043,"Mountain View","United States",NA
104.197.141.18,37.41919999999999,-122.0574,US,94043,"Mountain View","United States",NA
104.197.14.42,37.41919999999999,-122.0574,US,94043,"Mountain View","United States",NA
104.197.154.57,37.41919999999999,-122.0574,US,94043,"Mountain View","United States",NA
104.197.155.117,37.41919999999999,-122.0574,US,94043,"Mountain View","United States",NA
104.197.161.182,37.41919999999999,-122.0574,US,94043,"Mountain View","United States",NA
104.197.161.248,37.41919999999999,-122.0574,US,94043,"Mountain View","United States",NA
104.197.165.50,37.41919999999999,-122.0574,US,94043,"Mountain View","United States",NA
104.197.169.55,37.41919999999999,-122.0574,US,94043,"Mountain View","United States",NA
104.197.172.201,37.41919999999999,-122.0574,US,94043,"Mountain View","United States",NA
104.197.173.50,37.41919999999999,-122.0574,US,94043,"Mountain View","United States",NA
104.197.175.82,37.41919999999999,-122.0574,US,94043,"Mountain View","United States",NA
104.197.181.26,37.41919999999999,-122.0574,US,94043,"Mountain View","United States",NA
104.197.188.12,37.41919999999999,-122.0574,US,94043,"Mountain View","United States",NA
104.197.188.7,37.41919999999999,-122.0574,US,94043,"Mountain View","United States",NA
104.197.190.188,37.41919999999999,-122.0574,US,94043,"Mountain View","United States",NA
104.197.198.234,37.41919999999999,-122.0574,US,94043,"Mountain View","United States",NA
104.197.199.4,37.41919999999999,-122.0574,US,94043,"Mountain View","United States",NA
104.197.203.7,37.41919999999999,-122.0574,US,94043,"Mountain View","United States",NA
104.197.207.230,37.41919999999999,-122.0574,US,94043,"Mountain View","United States",NA
104.197.208.194,37.41919999999999,-122.0574,US,94043,"Mountain View","United States",NA
104.197.210.27,37.41919999999999,-122.0574,US,94043,"Mountain View","United States",NA
104.197.212.244,37.41919999999999,-122.0574,US,94043,"Mountain View","United States",NA
104.197.226.155,37.41919999999999,-122.0574,US,94043,"Mountain View","United States",NA
104.197.226.42,37.41919999999999,-122.0574,US,94043,"Mountain View","United States",NA
104.197.228.145,37.41919999999999,-122.0574,US,94043,"Mountain View","United States",NA
104.197.228.160,37.41919999999999,-122.0574,US,94043,"Mountain View","United States",NA
104.197.228.253,37.41919999999999,-122.0574,US,94043,"Mountain View","United States",NA
104.197.232.119,37.41919999999999,-122.0574,US,94043,"Mountain View","United States",NA
104.197.244.17,37.41919999999999,-122.0574,US,94043,"Mountain View","United States",NA
104.197.250.73,37.41919999999999,-122.0574,US,94043,"Mountain View","United States",NA
104.197.25.245,37.41919999999999,-122.0574,US,94043,"Mountain View","United States",NA
104.197.38.209,37.41919999999999,-122.0574,US,94043,"Mountain View","United States",NA
104.197.40.60,37.41919999999999,-122.0574,US,94043,"Mountain View","United States",NA
104.197.42.75,37.41919999999999,-122.0574,US,94043,"Mountain View","United States",NA
104.197.54.239,37.41919999999999,-122.0574,US,94043,"Mountain View","United States",NA
104.197.55.191,37.41919999999999,-122.0574,US,94043,"Mountain View","United States",NA
104.197.60.221,37.41919999999999,-122.0574,US,94043,"Mountain View","United States",NA
104.197.61.147,37.41919999999999,-122.0574,US,94043,"Mountain View","United States",NA
104.197.6.169,37.41919999999999,-122.0574,US,94043,"Mountain View","United States",NA
104.197.65.25,37.41919999999999,-122.0574,US,94043,"Mountain View","United States",NA
104.197.66.165,37.41919999999999,-122.0574,US,94043,"Mountain View","United States",NA
104.197.71.133,37.41919999999999,-122.0574,US,94043,"Mountain View","United States",NA
104.197.72.216,37.41919999999999,-122.0574,US,94043,"Mountain View","United States",NA
104.197.79.204,37.41919999999999,-122.0574,US,94043,"Mountain View","United States",NA
104.197.80.81,37.41919999999999,-122.0574,US,94043,"Mountain View","United States",NA
104.197.83.132,37.41919999999999,-122.0574,US,94043,"Mountain View","United States",NA
104.197.83.15,37.41919999999999,-122.0574,US,94043,"Mountain View","United States",NA
104.197.83.249,37.41919999999999,-122.0574,US,94043,"Mountain View","United States",NA
104.197.85.107,37.41919999999999,-122.0574,US,94043,"Mountain View","United States",NA
104.197.85.175,37.41919999999999,-122.0574,US,94043,"Mountain View","United States",NA
104.197.9.121,37.41919999999999,-122.0574,US,94043,"Mountain View","United States",NA
104.197.92.169,37.41919999999999,-122.0574,US,94043,"Mountain View","United States",NA
104.197.93.172,37.41919999999999,-122.0574,US,94043,"Mountain View","United States",NA
104.197.95.43,37.41919999999999,-122.0574,US,94043,"Mountain View","United States",NA
104.197.97.1,37.41919999999999,-122.0574,US,94043,"Mountain View","United States",NA
104.197.97.164,37.41919999999999,-122.0574,US,94043,"Mountain View","United States",NA
104.197.99.148,37.41919999999999,-122.0574,US,94043,"Mountain View","United States",NA
104.198.128.118,37.41919999999999,-122.0574,US,94043,"Mountain View","United States",NA
104.198.128.253,37.41919999999999,-122.0574,US,94043,"Mountain View","United States",NA
104.198.130.7,37.41919999999999,-122.0574,US,94043,"Mountain View","United States",NA
104.198.132.131,37.41919999999999,-122.0574,US,94043,"Mountain View","United States",NA
104.198.132.186,37.41919999999999,-122.0574,US,94043,"Mountain View","United States",NA
104.198.135.162,37.41919999999999,-122.0574,US,94043,"Mountain View","United States",NA
104.198.135.244,37.41919999999999,-122.0574,US,94043,"Mountain View","United States",NA
104.198.135.70,37.41919999999999,-122.0574,US,94043,"Mountain View","United States",NA
104.198.136.104,37.41919999999999,-122.0574,US,94043,"Mountain View","United States",NA
104.198.137.44,37.41919999999999,-122.0574,US,94043,"Mountain View","United States",NA
104.198.138.185,37.41919999999999,-122.0574,US,94043,"Mountain View","United States",NA
104.198.139.221,37.41919999999999,-122.0574,US,94043,"Mountain View","United States",NA
104.198.139.29,37.41919999999999,-122.0574,US,94043,"Mountain View","United States",NA
104.198.140.159,37.41919999999999,-122.0574,US,94043,"Mountain View","United States",NA
104.198.141.140,37.41919999999999,-122.0574,US,94043,"Mountain View","United States",NA
104.198.143.61,37.41919999999999,-122.0574,US,94043,"Mountain View","United States",NA
104.198.144.197,37.41919999999999,-122.0574,US,94043,"Mountain View","United States",NA
104.198.145.39,37.41919999999999,-122.0574,US,94043,"Mountain View","United States",NA
104.198.145.47,37.41919999999999,-122.0574,US,94043,"Mountain View","United States",NA
104.198.146.115,37.41919999999999,-122.0574,US,94043,"Mountain View","United States",NA
104.198.146.159,37.41919999999999,-122.0574,US,94043,"Mountain View","United States",NA
104.198.146.61,37.41919999999999,-122.0574,US,94043,"Mountain View","United States",NA
104.198.149.48,37.41919999999999,-122.0574,US,94043,"Mountain View","United States",NA
104.198.150.79,37.41919999999999,-122.0574,US,94043,"Mountain View","United States",NA
104.198.153.80,37.41919999999999,-122.0574,US,94043,"Mountain View","United States",NA
104.198.154.0,37.41919999999999,-122.0574,US,94043,"Mountain View","United States",NA
104.198.156.170,37.41919999999999,-122.0574,US,94043,"Mountain View","United States",NA
104.198.157.156,37.41919999999999,-122.0574,US,94043,"Mountain View","United States",NA
104.198.157.94,37.41919999999999,-122.0574,US,94043,"Mountain View","United States",NA
104.198.159.108,37.41919999999999,-122.0574,US,94043,"Mountain View","United States",NA
104.198.160.171,37.41919999999999,-122.0574,US,94043,"Mountain View","United States",NA
104.198.16.119,37.41919999999999,-122.0574,US,94043,"Mountain View","United States",NA
104.198.162.187,37.41919999999999,-122.0574,US,94043,"Mountain View","United States",NA
104.198.16.236,37.41919999999999,-122.0574,US,94043,"Mountain View","United States",NA
104.198.163.120,37.41919999999999,-122.0574,US,94043,"Mountain View","United States",NA
104.198.164.82,37.41919999999999,-122.0574,US,94043,"Mountain View","United States",NA
104.198.165.251,37.41919999999999,-122.0574,US,94043,"Mountain View","United States",NA
104.198.165.63,37.41919999999999,-122.0574,US,94043,"Mountain View","United States",NA
104.198.166.107,37.41919999999999,-122.0574,US,94043,"Mountain View","United States",NA
104.198.166.176,37.41919999999999,-122.0574,US,94043,"Mountain View","United States",NA
104.198.166.255,37.41919999999999,-122.0574,US,94043,"Mountain View","United States",NA
104.198.167.134,37.41919999999999,-122.0574,US,94043,"Mountain View","United States",NA
104.198.168.166,37.41919999999999,-122.0574,US,94043,"Mountain View","United States",NA
104.198.171.214,37.41919999999999,-122.0574,US,94043,"Mountain View","United States",NA
104.198.172.13,37.41919999999999,-122.0574,US,94043,"Mountain View","United States",NA
104.198.173.122,37.41919999999999,-122.0574,US,94043,"Mountain View","United States",NA
104.198.173.139,37.41919999999999,-122.0574,US,94043,"Mountain View","United States",NA
104.198.174.167,37.41919999999999,-122.0574,US,94043,"Mountain View","United States",NA
104.198.175.158,37.41919999999999,-122.0574,US,94043,"Mountain View","United States",NA
104.198.175.168,37.41919999999999,-122.0574,US,94043,"Mountain View","United States",NA
104.198.176.25,37.41919999999999,-122.0574,US,94043,"Mountain View","United States",NA
104.198.178.35,37.41919999999999,-122.0574,US,94043,"Mountain View","United States",NA
104.198.180.236,37.41919999999999,-122.0574,US,94043,"Mountain View","United States",NA
104.198.180.238,37.41919999999999,-122.0574,US,94043,"Mountain View","United States",NA
104.198.181.186,37.41919999999999,-122.0574,US,94043,"Mountain View","United States",NA
104.198.18.145,37.41919999999999,-122.0574,US,94043,"Mountain View","United States",NA
104.198.181.46,37.41919999999999,-122.0574,US,94043,"Mountain View","United States",NA
104.198.181.57,37.41919999999999,-122.0574,US,94043,"Mountain View","United States",NA
104.198.18.166,37.41919999999999,-122.0574,US,94043,"Mountain View","United States",NA
104.198.181.79,37.41919999999999,-122.0574,US,94043,"Mountain View","United States",NA
104.198.18.31,37.41919999999999,-122.0574,US,94043,"Mountain View","United States",NA
104.198.184.171,37.41919999999999,-122.0574,US,94043,"Mountain View","United States",NA
104.198.185.88,37.41919999999999,-122.0574,US,94043,"Mountain View","United States",NA
104.198.186.116,37.41919999999999,-122.0574,US,94043,"Mountain View","United States",NA
104.198.186.137,37.41919999999999,-122.0574,US,94043,"Mountain View","United States",NA
104.198.186.79,37.41919999999999,-122.0574,US,94043,"Mountain View","United States",NA
104.198.187.101,37.41919999999999,-122.0574,US,94043,"Mountain View","United States",NA
104.198.187.119,37.41919999999999,-122.0574,US,94043,"Mountain View","United States",NA
104.198.187.178,37.41919999999999,-122.0574,US,94043,"Mountain View","United States",NA
104.198.187.248,37.41919999999999,-122.0574,US,94043,"Mountain View","United States",NA
104.198.188.255,37.41919999999999,-122.0574,US,94043,"Mountain View","United States",NA
104.198.188.42,37.41919999999999,-122.0574,US,94043,"Mountain View","United States",NA
104.198.189.120,37.41919999999999,-122.0574,US,94043,"Mountain View","United States",NA
104.198.189.185,37.41919999999999,-122.0574,US,94043,"Mountain View","United States",NA
104.198.19.141,37.41919999999999,-122.0574,US,94043,"Mountain View","United States",NA
104.198.191.66,37.41919999999999,-122.0574,US,94043,"Mountain View","United States",NA
104.198.191.77,37.41919999999999,-122.0574,US,94043,"Mountain View","United States",NA
104.198.191.94,37.41919999999999,-122.0574,US,94043,"Mountain View","United States",NA
104.198.193.53,37.41919999999999,-122.0574,US,94043,"Mountain View","United States",NA
104.198.20.250,37.41919999999999,-122.0574,US,94043,"Mountain View","United States",NA
104.198.208.211,37.41919999999999,-122.0574,US,94043,"Mountain View","United States",NA
104.198.208.50,37.41919999999999,-122.0574,US,94043,"Mountain View","United States",NA
104.198.210.198,37.41919999999999,-122.0574,US,94043,"Mountain View","United States",NA
104.198.212.118,37.41919999999999,-122.0574,US,94043,"Mountain View","United States",NA
104.198.212.231,37.41919999999999,-122.0574,US,94043,"Mountain View","United States",NA
104.198.214.227,37.41919999999999,-122.0574,US,94043,"Mountain View","United States",NA
104.198.218.28,37.41919999999999,-122.0574,US,94043,"Mountain View","United States",NA
104.198.220.194,37.41919999999999,-122.0574,US,94043,"Mountain View","United States",NA
104.198.223.70,37.41919999999999,-122.0574,US,94043,"Mountain View","United States",NA
104.198.225.180,37.41919999999999,-122.0574,US,94043,"Mountain View","United States",NA
104.198.228.141,37.41919999999999,-122.0574,US,94043,"Mountain View","United States",NA
104.198.231.187,37.41919999999999,-122.0574,US,94043,"Mountain View","United States",NA
104.198.233.189,37.41919999999999,-122.0574,US,94043,"Mountain View","United States",NA
104.198.233.235,37.41919999999999,-122.0574,US,94043,"Mountain View","United States",NA
104.198.233.245,37.41919999999999,-122.0574,US,94043,"Mountain View","United States",NA
104.198.234.148,37.41919999999999,-122.0574,US,94043,"Mountain View","United States",NA
104.198.236.159,37.41919999999999,-122.0574,US,94043,"Mountain View","United States",NA
104.198.236.188,37.41919999999999,-122.0574,US,94043,"Mountain View","United States",NA
104.198.237.172,37.41919999999999,-122.0574,US,94043,"Mountain View","United States",NA
104.198.238.218,37.41919999999999,-122.0574,US,94043,"Mountain View","United States",NA
104.198.238.59,37.41919999999999,-122.0574,US,94043,"Mountain View","United States",NA
104.198.239.98,37.41919999999999,-122.0574,US,94043,"Mountain View","United States",NA
104.198.240.117,37.41919999999999,-122.0574,US,94043,"Mountain View","United States",NA
104.198.240.238,37.41919999999999,-122.0574,US,94043,"Mountain View","United States",NA
104.198.241.221,37.41919999999999,-122.0574,US,94043,"Mountain View","United States",NA
104.198.242.238,37.41919999999999,-122.0574,US,94043,"Mountain View","United States",NA
104.198.243.158,37.41919999999999,-122.0574,US,94043,"Mountain View","United States",NA
104.198.243.229,37.41919999999999,-122.0574,US,94043,"Mountain View","United States",NA
104.198.244.18,37.41919999999999,-122.0574,US,94043,"Mountain View","United States",NA
104.198.244.214,37.41919999999999,-122.0574,US,94043,"Mountain View","United States",NA
104.198.245.0,37.41919999999999,-122.0574,US,94043,"Mountain View","United States",NA
104.198.246.19,37.41919999999999,-122.0574,US,94043,"Mountain View","United States",NA
104.198.246.195,37.41919999999999,-122.0574,US,94043,"Mountain View","United States",NA
104.198.246.237,37.41919999999999,-122.0574,US,94043,"Mountain View","United States",NA
104.198.247.115,37.41919999999999,-122.0574,US,94043,"Mountain View","United States",NA
104.198.247.202,37.41919999999999,-122.0574,US,94043,"Mountain View","United States",NA
104.198.247.24,37.41919999999999,-122.0574,US,94043,"Mountain View","United States",NA
104.198.247.78,37.41919999999999,-122.0574,US,94043,"Mountain View","United States",NA
104.198.248.40,37.41919999999999,-122.0574,US,94043,"Mountain View","United States",NA
104.198.249.146,37.41919999999999,-122.0574,US,94043,"Mountain View","United States",NA
104.198.250.185,37.41919999999999,-122.0574,US,94043,"Mountain View","United States",NA
104.198.251.162,37.41919999999999,-122.0574,US,94043,"Mountain View","United States",NA
104.198.25.237,37.41919999999999,-122.0574,US,94043,"Mountain View","United States",NA
104.198.255.112,37.41919999999999,-122.0574,US,94043,"Mountain View","United States",NA
104.198.255.159,37.41919999999999,-122.0574,US,94043,"Mountain View","United States",NA
104.198.255.196,37.41919999999999,-122.0574,US,94043,"Mountain View","United States",NA
104.198.255.204,37.41919999999999,-122.0574,US,94043,"Mountain View","United States",NA
104.198.27.146,37.41919999999999,-122.0574,US,94043,"Mountain View","United States",NA
104.198.28.94,37.41919999999999,-122.0574,US,94043,"Mountain View","United States",NA
104.198.29.45,37.41919999999999,-122.0574,US,94043,"Mountain View","United States",NA
104.198.32.249,37.41919999999999,-122.0574,US,94043,"Mountain View","United States",NA
104.198.33.231,37.41919999999999,-122.0574,US,94043,"Mountain View","United States",NA
104.198.35.77,37.41919999999999,-122.0574,US,94043,"Mountain View","United States",NA
104.198.37.133,37.41919999999999,-122.0574,US,94043,"Mountain View","United States",NA
104.198.37.235,37.41919999999999,-122.0574,US,94043,"Mountain View","United States",NA
104.198.38.73,37.41919999999999,-122.0574,US,94043,"Mountain View","United States",NA
104.198.39.127,37.41919999999999,-122.0574,US,94043,"Mountain View","United States",NA
104.198.40.176,37.41919999999999,-122.0574,US,94043,"Mountain View","United States",NA
104.198.41.251,37.41919999999999,-122.0574,US,94043,"Mountain View","United States",NA
104.198.42.102,37.41919999999999,-122.0574,US,94043,"Mountain View","United States",NA
104.198.42.120,37.41919999999999,-122.0574,US,94043,"Mountain View","United States",NA
104.198.42.155,37.41919999999999,-122.0574,US,94043,"Mountain View","United States",NA
104.198.42.41,37.41919999999999,-122.0574,US,94043,"Mountain View","United States",NA
104.198.43.117,37.41919999999999,-122.0574,US,94043,"Mountain View","United States",NA
104.198.43.176,37.41919999999999,-122.0574,US,94043,"Mountain View","United States",NA
104.198.43.3,37.41919999999999,-122.0574,US,94043,"Mountain View","United States",NA
104.198.44.71,37.41919999999999,-122.0574,US,94043,"Mountain View","United States",NA
104.198.47.148,37.41919999999999,-122.0574,US,94043,"Mountain View","United States",NA
104.198.54.25,37.41919999999999,-122.0574,US,94043,"Mountain View","United States",NA
104.198.54.5,37.41919999999999,-122.0574,US,94043,"Mountain View","United States",NA
104.198.55.49,37.41919999999999,-122.0574,US,94043,"Mountain View","United States",NA
104.198.58.153,37.41919999999999,-122.0574,US,94043,"Mountain View","United States",NA
104.198.58.18,37.41919999999999,-122.0574,US,94043,"Mountain View","United States",NA
104.198.58.83,37.41919999999999,-122.0574,US,94043,"Mountain View","United States",NA
104.198.59.151,37.41919999999999,-122.0574,US,94043,"Mountain View","United States",NA
104.198.60.232,37.41919999999999,-122.0574,US,94043,"Mountain View","United States",NA
104.198.65.31,37.41919999999999,-122.0574,US,94043,"Mountain View","United States",NA
104.198.65.89,37.41919999999999,-122.0574,US,94043,"Mountain View","United States",NA
104.198.66.112,37.41919999999999,-122.0574,US,94043,"Mountain View","United States",NA
104.198.67.33,37.41919999999999,-122.0574,US,94043,"Mountain View","United States",NA
104.198.68.190,37.41919999999999,-122.0574,US,94043,"Mountain View","United States",NA
104.198.69.31,37.41919999999999,-122.0574,US,94043,"Mountain View","United States",NA
104.198.69.69,37.41919999999999,-122.0574,US,94043,"Mountain View","United States",NA
104.198.70.255,37.41919999999999,-122.0574,US,94043,"Mountain View","United States",NA
104.198.70.67,37.41919999999999,-122.0574,US,94043,"Mountain View","United States",NA
104.198.71.161,37.41919999999999,-122.0574,US,94043,"Mountain View","United States",NA
104.198.71.171,37.41919999999999,-122.0574,US,94043,"Mountain View","United States",NA
104.198.71.205,37.41919999999999,-122.0574,US,94043,"Mountain View","United States",NA
104.198.72.194,37.41919999999999,-122.0574,US,94043,"Mountain View","United States",NA
104.198.72.198,37.41919999999999,-122.0574,US,94043,"Mountain View","United States",NA
104.198.72.205,37.41919999999999,-122.0574,US,94043,"Mountain View","United States",NA
104.198.73.12,37.41919999999999,-122.0574,US,94043,"Mountain View","United States",NA
104.198.73.196,37.41919999999999,-122.0574,US,94043,"Mountain View","United States",NA
104.198.73.54,37.41919999999999,-122.0574,US,94043,"Mountain View","United States",NA
104.198.74.109,37.41919999999999,-122.0574,US,94043,"Mountain View","United States",NA
104.198.74.218,37.41919999999999,-122.0574,US,94043,"Mountain View","United States",NA
104.198.75.153,37.41919999999999,-122.0574,US,94043,"Mountain View","United States",NA
104.198.76.109,37.41919999999999,-122.0574,US,94043,"Mountain View","United States",NA
104.198.77.14,37.41919999999999,-122.0574,US,94043,"Mountain View","United States",NA
104.198.78.174,37.41919999999999,-122.0574,US,94043,"Mountain View","United States",NA
104.198.78.54,37.41919999999999,-122.0574,US,94043,"Mountain View","United States",NA
104.198.79.57,37.41919999999999,-122.0574,US,94043,"Mountain View","United States",NA
104.247.44.170,42.49170000000001,-71.517,US,01719,"Boxborough","United States",NA
105.229.252.104,-26.23089999999999,28.058300000000003,ZA,2000,"Johannesburg","South Africa",AF
107.178.210.142,37.41919999999999,-122.0574,US,94043,"Mountain View","United States",NA
107.178.213.198,37.41919999999999,-122.0574,US,94043,"Mountain View","United States",NA
107.178.213.33,37.41919999999999,-122.0574,US,94043,"Mountain View","United States",NA
107.178.220.154,37.41919999999999,-122.0574,US,94043,"Mountain View","United States",NA
107.178.222.225,37.41919999999999,-122.0574,US,94043,"Mountain View","United States",NA
107.191.43.76,33.748999999999995,-84.388,US,30301,"Atlanta","United States",NA
108.59.85.116,37.41919999999999,-122.0574,US,94043,"Mountain View","United States",NA
109.160.100.26,42.483300000000014,26.5,BG,8600,"Yambol","Bulgaria",EU
109.164.242.195,47.372000000000014,8.541300000000007,CH,8001,"Zurich","Switzerland",EU
109.252.55.11,55.74850000000001,37.61840000000001,RU,101194,"Moscow","Russian Federation",EU
111.248.106.103,25.041799999999995,121.4966,TW,,"Taipei","Taiwan",AS
115.115.161.210,12.983300000000014,77.58330000000001,IN,,"Bangalore","India",AS
1.160.26.154,25.041799999999995,121.4966,TW,,"Taipei","Taiwan",AS
1.163.52.130,25.041799999999995,121.4966,TW,,"Taipei","Taiwan",AS
116.93.59.209,14.569199999999995,121.1325,PH,1920,"Taytay","Philippines",AS
117.136.0.138,39.9289,116.38830000000002,CN,,"Beijing","China",AS
117.96.12.19,22.566699999999997,72.9333,IN,388001,"Anand","India",AS
118.136.146.209,-6.248700000000014,106.78680000000003,ID,,"Kebayoran Lama Selatan","Indonesia",AS
123.127.244.100,39.9289,116.38830000000002,CN,,"Beijing","China",AS
125.34.79.187,39.9289,116.38830000000002,CN,,"Beijing","China",AS
128.114.104.25,36.989900000000006,-122.0603,US,95064,"Santa Cruz","United States",NA
128.173.232.132,37.179100000000005,-80.3515,US,24061,"Blacksburg","United States",NA
128.176.105.228,51.971599999999995,7.606799999999993,DE,48149,"Münster","Germany",EU
128.176.106.196,51.971599999999995,7.606799999999993,DE,48149,"Münster","Germany",EU
128.176.106.199,51.971599999999995,7.606799999999993,DE,48149,"Münster","Germany",EU
128.176.106.208,51.971599999999995,7.606799999999993,DE,48149,"Münster","Germany",EU
128.176.106.214,51.971599999999995,7.606799999999993,DE,48149,"Münster","Germany",EU
128.176.106.220,51.971599999999995,7.606799999999993,DE,48149,"Münster","Germany",EU
128.176.106.222,51.971599999999995,7.606799999999993,DE,48149,"Münster","Germany",EU
128.176.106.224,51.971599999999995,7.606799999999993,DE,48149,"Münster","Germany",EU
128.176.106.233,51.971599999999995,7.606799999999993,DE,48149,"Münster","Germany",EU
128.176.106.234,51.971599999999995,7.606799999999993,DE,48149,"Münster","Germany",EU
128.176.106.239,51.971599999999995,7.606799999999993,DE,48149,"Münster","Germany",EU
128.176.106.249,51.971599999999995,7.606799999999993,DE,48149,"Münster","Germany",EU
128.176.11.30,51.971599999999995,7.606799999999993,DE,48149,"Münster","Germany",EU
128.176.11.39,51.971599999999995,7.606799999999993,DE,48149,"Münster","Germany",EU
128.176.164.110,51.971599999999995,7.606799999999993,DE,48149,"Münster","Germany",EU
128.176.164.79,51.971599999999995,7.606799999999993,DE,48149,"Münster","Germany",EU
128.176.168.109,51.971599999999995,7.606799999999993,DE,48149,"Münster","Germany",EU
128.176.168.239,51.971599999999995,7.606799999999993,DE,48149,"Münster","Germany",EU
128.176.168.32,51.971599999999995,7.606799999999993,DE,48149,"Münster","Germany",EU
128.176.168.63,51.971599999999995,7.606799999999993,DE,48149,"Münster","Germany",EU
128.176.169.56,51.971599999999995,7.606799999999993,DE,48149,"Münster","Germany",EU
128.176.169.66,51.971599999999995,7.606799999999993,DE,48149,"Münster","Germany",EU
128.233.173.159,52.1404,-106.608,CA,S7N,"Saskatoon","Canada",NA
128.233.6.100,52.1404,-106.608,CA,S7N,"Saskatoon","Canada",NA
128.233.6.111,52.1404,-106.608,CA,S7N,"Saskatoon","Canada",NA
128.62.209.110,30.296099999999996,-97.7369,US,78705,"Austin","United States",NA
128.62.39.69,30.296099999999996,-97.7369,US,78705,"Austin","United States",NA
128.83.27.13,30.296099999999996,-97.7369,US,78705,"Austin","United States",NA
129.132.101.29,47.36670000000001,8.550000000000011,CH,8010,"Zurich","Switzerland",EU
129.187.244.220,48.25,11.650000000000006,DE,85748,"Garching","Germany",EU
129.187.254.83,48.25,11.650000000000006,DE,85748,"Garching","Germany",EU
129.27.116.13,47.0667,15.449999999999989,AT,8044,"Graz","Austria",EU
129.27.169.42,47.0667,15.449999999999989,AT,8044,"Graz","Austria",EU
129.27.239.242,47.0667,15.449999999999989,AT,8044,"Graz","Austria",EU
129.27.6.28,47.0667,15.449999999999989,AT,8044,"Graz","Austria",EU
129.27.7.28,47.0667,15.449999999999989,AT,8044,"Graz","Austria",EU
129.69.58.51,48.766699999999986,9.183300000000003,DE,70173,"Stuttgart","Germany",EU
129.69.58.69,48.766699999999986,9.183300000000003,DE,70173,"Stuttgart","Germany",EU
129.8.215.81,36.605500000000006,-119.7522,US,93725,"Fresno","United States",NA
130.18.16.15,33.453100000000006,-88.7932,US,39762,"Mississippi State","United States",NA
130.18.16.59,33.453100000000006,-88.7932,US,39762,"Mississippi State","United States",NA
130.211.113.26,37.41919999999999,-122.0574,US,94043,"Mountain View","United States",NA
130.211.115.34,37.41919999999999,-122.0574,US,94043,"Mountain View","United States",NA
130.211.116.178,37.41919999999999,-122.0574,US,94043,"Mountain View","United States",NA
130.211.117.214,37.41919999999999,-122.0574,US,94043,"Mountain View","United States",NA
130.211.119.11,37.41919999999999,-122.0574,US,94043,"Mountain View","United States",NA
130.211.121.247,37.41919999999999,-122.0574,US,94043,"Mountain View","United States",NA
130.211.121.96,37.41919999999999,-122.0574,US,94043,"Mountain View","United States",NA
130.211.124.239,37.41919999999999,-122.0574,US,94043,"Mountain View","United States",NA
130.211.129.10,37.41919999999999,-122.0574,US,94043,"Mountain View","United States",NA
130.211.129.250,37.41919999999999,-122.0574,US,94043,"Mountain View","United States",NA
130.211.130.1,37.41919999999999,-122.0574,US,94043,"Mountain View","United States",NA
130.211.135.221,37.41919999999999,-122.0574,US,94043,"Mountain View","United States",NA
130.211.145.21,37.41919999999999,-122.0574,US,94043,"Mountain View","United States",NA
130.211.145.244,37.41919999999999,-122.0574,US,94043,"Mountain View","United States",NA
130.211.151.230,37.41919999999999,-122.0574,US,94043,"Mountain View","United States",NA
130.211.157.63,37.41919999999999,-122.0574,US,94043,"Mountain View","United States",NA
130.211.162.57,37.41919999999999,-122.0574,US,94043,"Mountain View","United States",NA
130.211.169.179,37.41919999999999,-122.0574,US,94043,"Mountain View","United States",NA
130.211.181.17,37.41919999999999,-122.0574,US,94043,"Mountain View","United States",NA
130.211.192.41,37.41919999999999,-122.0574,US,94043,"Mountain View","United States",NA
130.211.194.162,37.41919999999999,-122.0574,US,94043,"Mountain View","United States",NA
130.211.197.6,37.41919999999999,-122.0574,US,94043,"Mountain View","United States",NA
130.211.199.179,37.41919999999999,-122.0574,US,94043,"Mountain View","United States",NA
130.211.204.195,37.41919999999999,-122.0574,US,94043,"Mountain View","United States",NA
130.211.207.218,37.41919999999999,-122.0574,US,94043,"Mountain View","United States",NA
130.211.208.229,37.41919999999999,-122.0574,US,94043,"Mountain View","United States",NA
130.211.208.76,37.41919999999999,-122.0574,US,94043,"Mountain View","United States",NA
130.211.209.220,37.41919999999999,-122.0574,US,94043,"Mountain View","United States",NA
130.211.209.231,37.41919999999999,-122.0574,US,94043,"Mountain View","United States",NA
130.211.210.252,37.41919999999999,-122.0574,US,94043,"Mountain View","United States",NA
130.211.213.133,37.41919999999999,-122.0574,US,94043,"Mountain View","United States",NA
130.211.214.157,37.41919999999999,-122.0574,US,94043,"Mountain View","United States",NA
130.211.215.171,37.41919999999999,-122.0574,US,94043,"Mountain View","United States",NA
130.211.220.234,37.41919999999999,-122.0574,US,94043,"Mountain View","United States",NA
130.211.222.127,37.41919999999999,-122.0574,US,94043,"Mountain View","United States",NA
130.211.224.86,37.41919999999999,-122.0574,US,94043,"Mountain View","United States",NA
130.211.227.40,37.41919999999999,-122.0574,US,94043,"Mountain View","United States",NA
130.211.228.34,37.41919999999999,-122.0574,US,94043,"Mountain View","United States",NA
130.211.229.34,37.41919999999999,-122.0574,US,94043,"Mountain View","United States",NA
130.211.229.8,37.41919999999999,-122.0574,US,94043,"Mountain View","United States",NA
130.211.230.37,37.41919999999999,-122.0574,US,94043,"Mountain View","United States",NA
130.211.232.196,37.41919999999999,-122.0574,US,94043,"Mountain View","United States",NA
130.211.234.154,37.41919999999999,-122.0574,US,94043,"Mountain View","United States",NA
130.211.234.75,37.41919999999999,-122.0574,US,94043,"Mountain View","United States",NA
130.211.236.34,37.41919999999999,-122.0574,US,94043,"Mountain View","United States",NA
130.211.237.166,37.41919999999999,-122.0574,US,94043,"Mountain View","United States",NA
130.211.238.12,37.41919999999999,-122.0574,US,94043,"Mountain View","United States",NA
130.211.239.241,37.41919999999999,-122.0574,US,94043,"Mountain View","United States",NA
130.245.10.185,40.95150000000001,-73.065,US,11777,"Port Jefferson","United States",NA
130.245.13.232,40.95150000000001,-73.065,US,11777,"Port Jefferson","United States",NA
130.245.140.252,40.92230000000001,-72.6371,US,11794,"Stony Brook","United States",NA
130.59.117.146,47.36670000000001,8.550000000000011,CH,8010,"Zurich","Switzerland",EU
130.59.17.202,47.36670000000001,8.550000000000011,CH,8010,"Zurich","Switzerland",EU
130.59.27.4,47.451899999999995,9.052500000000009,CH,9500,"Rickenbach","Switzerland",EU
130.88.139.43,53.46629999999999,-2.1341999999999928,GB,M40,"Manchester","United Kingdom",EU
130.88.139.44,53.46629999999999,-2.1341999999999928,GB,M40,"Manchester","United Kingdom",EU
130.88.139.72,53.46629999999999,-2.1341999999999928,GB,M40,"Manchester","United Kingdom",EU
130.88.203.20,53.46629999999999,-2.1341999999999928,GB,M40,"Manchester","United Kingdom",EU
131.111.20.227,52.19999999999999,0.11670000000000869,GB,CB5,"Cambridge","United Kingdom",EU
131.130.103.33,48.15209999999999,16.3878,AT,1100,"Vienna","Austria",EU
131.130.171.207,48.15209999999999,16.3878,AT,1100,"Vienna","Austria",EU
131.130.171.220,48.15209999999999,16.3878,AT,1100,"Vienna","Austria",EU
131.173.168.11,52.288700000000006,8.089200000000005,DE,49086,"Osnabrück","Germany",EU
131.173.168.19,52.288700000000006,8.089200000000005,DE,49086,"Osnabrück","Germany",EU
131.173.168.29,52.288700000000006,8.089200000000005,DE,49086,"Osnabrück","Germany",EU
131.173.168.36,52.288700000000006,8.089200000000005,DE,49086,"Osnabrück","Germany",EU
131.173.168.46,52.288700000000006,8.089200000000005,DE,49086,"Osnabrück","Germany",EU
131.173.168.47,52.288700000000006,8.089200000000005,DE,49086,"Osnabrück","Germany",EU
131.173.168.48,52.288700000000006,8.089200000000005,DE,49086,"Osnabrück","Germany",EU
131.173.172.191,52.288700000000006,8.089200000000005,DE,49086,"Osnabrück","Germany",EU
131.173.172.58,52.288700000000006,8.089200000000005,DE,49086,"Osnabrück","Germany",EU
131.173.193.203,52.26509999999999,8.009600000000006,DE,49078,"Osnabrück","Germany",EU
131.173.194.132,52.26509999999999,8.009600000000006,DE,49078,"Osnabrück","Germany",EU
131.173.207.12,52.26509999999999,8.009600000000006,DE,49078,"Osnabrück","Germany",EU
131.173.22.169,52.1602,7.532900000000012,DE,48282,"Emsdetten","Germany",EU
131.173.22.89,52.1602,7.532900000000012,DE,48282,"Emsdetten","Germany",EU
131.173.247.225,52.1849,7.8574999999999875,DE,49525,"Lengerich","Germany",EU
131.173.88.12,52.1028,8.298000000000002,DE,33829,"Borgholzhausen","Germany",EU
131.188.3.226,49.58879999999999,11.009800000000013,DE,91052,"Erlangen","Germany",EU
131.188.3.227,49.58879999999999,11.009800000000013,DE,91052,"Erlangen","Germany",EU
131.188.78.218,49.58879999999999,11.009800000000013,DE,91052,"Erlangen","Germany",EU
132.199.3.191,49.01679999999999,12.095400000000012,DE,93047,"Regensburg","Germany",EU
132.199.6.48,49.01679999999999,12.095400000000012,DE,93047,"Regensburg","Germany",EU
132.252.166.183,51.44999999999999,7.016699999999986,DE,45144,"Essen","Germany",EU
134.109.228.51,50.83330000000001,12.916699999999992,DE,09131,"Chemnitz","Germany",EU
134.157.250.110,48.86279999999999,2.329199999999986,FR,75001,"Paris","France",EU
134.169.103.8,52.266699999999986,10.533299999999997,DE,38116,"Braunschweig","Germany",EU
134.60.64.136,48.417100000000005,9.96350000000001,DE,89075,"Ulm","Germany",EU
134.61.112.85,50.778699999999986,6.108499999999992,DE,52068,"Aachen","Germany",EU
1.34.63.72,23.5,121.0,TW,,"","Taiwan",AS
134.95.128.117,50.936499999999995,6.921899999999994,DE,50931,"Köln","Germany",EU
134.95.128.189,50.936499999999995,6.921899999999994,DE,50931,"Köln","Germany",EU
134.95.128.226,50.936499999999995,6.921899999999994,DE,50931,"Köln","Germany",EU
137.110.154.60,32.88069999999999,-117.2359,US,92093,"La Jolla","United States",NA
137.158.158.83,-33.92580000000001,18.42320000000001,ZA,7945,"Cape Town","South Africa",AF
137.158.32.119,-33.92580000000001,18.42320000000001,ZA,7945,"Cape Town","South Africa",AF
137.158.32.121,-33.92580000000001,18.42320000000001,ZA,7945,"Cape Town","South Africa",AF
137.158.32.157,-33.92580000000001,18.42320000000001,ZA,7945,"Cape Town","South Africa",AF
138.246.2.174,48.150000000000006,11.583300000000008,DE,80796,"Munich","Germany",EU
139.162.189.247,50.11670000000001,8.683300000000003,DE,60308,"Frankfurt","Germany",EU
139.174.32.29,51.80000000000001,10.333300000000008,DE,38678,"Clausthal","Germany",EU
139.174.32.36,51.80000000000001,10.333300000000008,DE,38678,"Clausthal","Germany",EU
139.18.1.5,51.30000000000001,12.333300000000008,DE,04207,"Leipzig","Germany",EU
140.105.171.239,45.64859999999999,13.780000000000001,IT,34100,"Trieste","Italy",EU
140.105.47.80,45.64859999999999,13.780000000000001,IT,34100,"Trieste","Italy",EU
140.198.105.188,33.4357,-111.9171,US,85281,"Tempe","United States",NA
140.247.198.121,42.379999999999995,-71.1329,US,02138,"Cambridge","United States",NA
141.100.10.174,49.870599999999996,8.649400000000014,DE,64283,"Darmstadt","Germany",EU
141.100.10.175,49.870599999999996,8.649400000000014,DE,64283,"Darmstadt","Germany",EU
141.100.10.176,49.870599999999996,8.649400000000014,DE,64283,"Darmstadt","Germany",EU
141.100.10.209,49.870599999999996,8.649400000000014,DE,64283,"Darmstadt","Germany",EU
141.64.26.26,52.5155,13.406200000000013,DE,10317,"Berlin","Germany",EU
14.2.18.109,-34.92869999999999,138.59859999999998,AU,5000,"Adelaide","Australia",OC
14.2.9.51,-34.92869999999999,138.59859999999998,AU,5000,"Adelaide","Australia",OC
143.160.32.206,-26.711700000000008,27.83789999999999,ZA,1900,"Vanderbijlpark","South Africa",AF
146.148.104.52,37.41919999999999,-122.0574,US,94043,"Mountain View","United States",NA
146.148.106.40,37.41919999999999,-122.0574,US,94043,"Mountain View","United States",NA
146.148.32.85,37.41919999999999,-122.0574,US,94043,"Mountain View","United States",NA
146.148.35.183,37.41919999999999,-122.0574,US,94043,"Mountain View","United States",NA
146.148.35.191,37.41919999999999,-122.0574,US,94043,"Mountain View","United States",NA
146.148.42.28,37.41919999999999,-122.0574,US,94043,"Mountain View","United States",NA
146.148.45.36,37.41919999999999,-122.0574,US,94043,"Mountain View","United States",NA
146.148.47.22,37.41919999999999,-122.0574,US,94043,"Mountain View","United States",NA
146.148.49.199,37.41919999999999,-122.0574,US,94043,"Mountain View","United States",NA
146.148.49.74,37.41919999999999,-122.0574,US,94043,"Mountain View","United States",NA
146.148.55.8,37.41919999999999,-122.0574,US,94043,"Mountain View","United States",NA
146.148.55.87,37.41919999999999,-122.0574,US,94043,"Mountain View","United States",NA
146.148.69.114,37.41919999999999,-122.0574,US,94043,"Mountain View","United States",NA
146.148.72.181,47.0,8.0,EU,,"","Europe",EU
146.148.76.104,37.41919999999999,-122.0574,US,94043,"Mountain View","United States",NA
146.148.80.17,37.41919999999999,-122.0574,US,94043,"Mountain View","United States",NA
146.148.80.99,37.41919999999999,-122.0574,US,94043,"Mountain View","United States",NA
146.148.81.140,37.41919999999999,-122.0574,US,94043,"Mountain View","United States",NA
146.148.85.77,37.41919999999999,-122.0574,US,94043,"Mountain View","United States",NA
146.148.89.185,37.41919999999999,-122.0574,US,94043,"Mountain View","United States",NA
146.148.89.5,37.41919999999999,-122.0574,US,94043,"Mountain View","United States",NA
146.192.216.72,59.94999999999999,10.75,NO,,"","Norway",EU
146.6.159.108,30.296099999999996,-97.7369,US,78705,"Austin","United States",NA
146.6.165.15,30.296099999999996,-97.7369,US,78705,"Austin","United States",NA
151.217.217.43,51.29929999999999,9.491000000000014,DE,,"","Germany",EU
154.69.173.191,-33.94059999999999,18.5745,ZA,7465,"Matroosfontein","South Africa",AF
157.26.190.200,47.0009,6.927400000000006,CH,2000,"Neuchatel","Switzerland",EU
158.42.142.96,39.4667,-0.3667000000000087,ES,46001,"Valencia","Spain",EU
158.42.143.227,39.4667,-0.3667000000000087,ES,46001,"Valencia","Spain",EU
158.42.59.8,39.4667,-0.3667000000000087,ES,46001,"Valencia","Spain",EU
158.42.94.127,39.4667,-0.3667000000000087,ES,46001,"Valencia","Spain",EU
158.42.94.3,39.4667,-0.3667000000000087,ES,46001,"Valencia","Spain",EU
159.253.7.25,52.38239999999999,4.899499999999989,NL,,"","Netherlands",EU
163.172.36.39,48.85820000000001,2.3386999999999887,FR,,"","France",EU
163.172.80.213,48.85820000000001,2.3386999999999887,FR,,"","France",EU
173.13.192.45,37.751000000000005,-97.822,US,,"","United States",NA
173.255.118.107,37.41919999999999,-122.0574,US,94043,"Mountain View","United States",NA
173.255.118.134,37.41919999999999,-122.0574,US,94043,"Mountain View","United States",NA
175.157.162.184,7.0,81.0,LK,,"","Sri Lanka",AS
176.9.54.202,51.29929999999999,9.491000000000014,DE,,"","Germany",EU
178.1.14.232,51.33940000000001,6.852800000000002,DE,40885,"Ratingen","Germany",EU
178.197.239.124,47.14490000000001,8.155100000000004,CH,,"","Switzerland",EU
178.199.195.180,47.565,9.359700000000004,CH,8590,"Romanshorn","Switzerland",EU
178.201.176.231,51.53299999999999,7.023400000000009,DE,45899,"Gelsenkirchen","Germany",EU
178.24.175.10,51.332899999999995,12.404699999999991,DE,04317,"Leipzig","Germany",EU
178.24.176.112,51.30000000000001,12.333300000000008,DE,04207,"Leipzig","Germany",EU
178.249.14.137,41.3888,2.158999999999992,ES,08018,"Barcelona","Spain",EU
180.208.58.244,31.304100000000005,120.59539999999998,CN,,"Suzhou","China",AS
182.74.255.54,20.0,77.0,IN,,"","India",AS
185.13.229.115,35.6961,51.423100000000005,IR,,"","Iran, Islamic Republic of",AS
188.209.74.182,35.7261,51.3304,IR,,"Tehran","Iran, Islamic Republic of",AS
190.183.169.138,-31.599999999999994,-60.708299999999994,AR,3000,"Santa Fe","Argentina",SA
192.169.152.6,33.61189999999999,-111.8906,US,85260,"Scottsdale","United States",NA
193.145.246.9,42.2328,-8.7226,ES,36201,"Vigo","Spain",EU
193.146.230.62,40.41720000000001,-3.6839999999999975,ES,,"","Spain",EU
193.147.27.41,37.986999999999995,-1.1299999999999955,ES,30001,"Murcia","Spain",EU
193.175.21.66,53.09379999999999,8.782999999999987,DE,28217,"Bremen","Germany",EU
193.196.187.253,48.766699999999986,9.183300000000003,DE,70173,"Stuttgart","Germany",EU
193.219.171.123,54.900000000000006,23.900000000000006,LT,44001,"Kaunas","Lithuania",EU
193.219.64.90,54.900000000000006,23.900000000000006,LT,44001,"Kauno","Lithuania",EU
193.248.60.113,48.86279999999999,2.329199999999986,FR,75001,"Paris","France",EU
194.70.246.1,51.50919999999999,-0.09549999999998704,GB,EC4N,"London","United Kingdom",EU
194.95.82.45,50.11670000000001,8.683300000000003,DE,60308,"Frankfurt Am Main","Germany",EU
195.114.18.142,48.85820000000001,2.3386999999999887,FR,,"","France",EU
195.19.33.7,55.74850000000001,37.61840000000001,RU,101194,"Moscow","Russian Federation",EU
195.37.236.40,51.23519999999999,6.819099999999992,DE,40237,"Düsseldorf","Germany",EU
198.211.114.144,40.73079999999999,-73.9975,US,10011,"New York","United States",NA
199.223.236.227,37.41919999999999,-122.0574,US,94043,"Mountain View","United States",NA
200.135.37.131,-22.8305,-43.2192,BR,,"","Brazil",SA
200.83.60.209,-33.462500000000006,-70.6682,CL,,"Santiago","Chile",SA
201.20.72.174,-3.3166999999999973,-41.41669999999999,BR,,"Fortaleza","Brazil",SA
203.130.147.157,13.75,100.4667,TH,,"","Thailand",AS
204.84.217.4,35.94659999999999,-78.7977,US,27703,"Durham","United States",NA
208.46.162.110,33.78659999999999,-118.2987,US,91182,"Pasadena","United States",NA
212.41.220.231,47.38849999999999,8.3793,CH,8962,"Dietikon","Switzerland",EU
212.45.27.141,55.73859999999999,37.60679999999999,RU,,"","Russian Federation",EU
212.80.5.116,35.6961,51.423100000000005,IR,,"","Iran, Islamic Republic of",AS
213.124.25.42,52.60239999999999,4.693700000000007,NL,1852,"Heiloo","Netherlands",EU
213.240.143.4,51.29929999999999,9.491000000000014,DE,,"","Germany",EU
217.17.27.101,50.1789,8.51339999999999,DE,61476,"Kronberg","Germany",EU
220.100.12.184,35.63329999999999,139.64999999999998,JP,154-0017,"Setagaya","Japan",AS
222.76.54.109,26.061399999999992,119.30610000000001,CN,,"Fuzhou","China",AS
222.76.56.193,26.061399999999992,119.30610000000001,CN,,"Fuzhou","China",AS
222.76.56.20,26.061399999999992,119.30610000000001,CN,,"Fuzhou","China",AS
23.236.49.39,37.41919999999999,-122.0574,US,94043,"Mountain View","United States",NA
23.236.52.57,37.41919999999999,-122.0574,US,94043,"Mountain View","United States",NA
23.236.56.68,37.41919999999999,-122.0574,US,94043,"Mountain View","United States",NA
23.24.250.185,37.751000000000005,-97.822,US,,"","United States",NA
23.251.154.36,37.41919999999999,-122.0574,US,94043,"Mountain View","United States",NA
23.251.156.220,37.41919999999999,-122.0574,US,94043,"Mountain View","United States",NA
24.155.228.175,30.294099999999986,-97.7097,US,78722,"Austin","United States",NA
31.17.249.183,53.5299,8.609800000000007,DE,27574,"Bremerhaven","Germany",EU
31.17.250.108,53.33330000000001,8.483300000000014,DE,26919,"Brake","Germany",EU
31.17.250.48,53.33330000000001,8.483300000000014,DE,26919,"Brake","Germany",EU
31.17.251.105,52.266699999999986,8.050000000000011,DE,49088,"Osnabrück","Germany",EU
31.17.251.141,52.266699999999986,8.050000000000011,DE,49088,"Osnabrück","Germany",EU
31.17.251.203,52.266699999999986,8.050000000000011,DE,49088,"Osnabrück","Germany",EU
31.17.251.52,52.266699999999986,8.050000000000011,DE,49088,"Osnabrück","Germany",EU
35.184.10.100,37.41919999999999,-122.0574,US,94043,"Mountain View","United States",NA
35.184.12.221,37.41919999999999,-122.0574,US,94043,"Mountain View","United States",NA
35.184.1.225,37.41919999999999,-122.0574,US,94043,"Mountain View","United States",NA
35.184.13.244,37.41919999999999,-122.0574,US,94043,"Mountain View","United States",NA
35.184.14.237,37.41919999999999,-122.0574,US,94043,"Mountain View","United States",NA
35.184.14.86,37.41919999999999,-122.0574,US,94043,"Mountain View","United States",NA
35.184.14.89,37.41919999999999,-122.0574,US,94043,"Mountain View","United States",NA
35.184.15.216,37.41919999999999,-122.0574,US,94043,"Mountain View","United States",NA
35.184.15.64,37.41919999999999,-122.0574,US,94043,"Mountain View","United States",NA
35.184.17.103,37.41919999999999,-122.0574,US,94043,"Mountain View","United States",NA
35.184.17.48,37.41919999999999,-122.0574,US,94043,"Mountain View","United States",NA
35.184.17.53,37.41919999999999,-122.0574,US,94043,"Mountain View","United States",NA
35.184.17.57,37.41919999999999,-122.0574,US,94043,"Mountain View","United States",NA
35.184.2.10,37.41919999999999,-122.0574,US,94043,"Mountain View","United States",NA
35.184.2.119,37.41919999999999,-122.0574,US,94043,"Mountain View","United States",NA
35.184.21.20,37.41919999999999,-122.0574,US,94043,"Mountain View","United States",NA
35.184.21.42,37.41919999999999,-122.0574,US,94043,"Mountain View","United States",NA
35.184.2.16,37.41919999999999,-122.0574,US,94043,"Mountain View","United States",NA
35.184.22.7,37.41919999999999,-122.0574,US,94043,"Mountain View","United States",NA
35.184.22.8,37.41919999999999,-122.0574,US,94043,"Mountain View","United States",NA
35.184.24.51,37.41919999999999,-122.0574,US,94043,"Mountain View","United States",NA
35.184.25.4,37.41919999999999,-122.0574,US,94043,"Mountain View","United States",NA
35.184.26.102,37.41919999999999,-122.0574,US,94043,"Mountain View","United States",NA
35.184.26.172,37.41919999999999,-122.0574,US,94043,"Mountain View","United States",NA
35.184.26.176,37.41919999999999,-122.0574,US,94043,"Mountain View","United States",NA
35.184.27.144,37.41919999999999,-122.0574,US,94043,"Mountain View","United States",NA
35.184.29.100,37.41919999999999,-122.0574,US,94043,"Mountain View","United States",NA
35.184.30.196,37.41919999999999,-122.0574,US,94043,"Mountain View","United States",NA
35.184.31.128,37.41919999999999,-122.0574,US,94043,"Mountain View","United States",NA
35.184.31.71,37.41919999999999,-122.0574,US,94043,"Mountain View","United States",NA
35.184.32.230,37.41919999999999,-122.0574,US,94043,"Mountain View","United States",NA
35.184.32.233,37.41919999999999,-122.0574,US,94043,"Mountain View","United States",NA
35.184.33.63,37.41919999999999,-122.0574,US,94043,"Mountain View","United States",NA
35.184.35.17,37.41919999999999,-122.0574,US,94043,"Mountain View","United States",NA
35.184.36.253,37.41919999999999,-122.0574,US,94043,"Mountain View","United States",NA
35.184.36.28,37.41919999999999,-122.0574,US,94043,"Mountain View","United States",NA
35.184.36.73,37.41919999999999,-122.0574,US,94043,"Mountain View","United States",NA
35.184.38.174,37.41919999999999,-122.0574,US,94043,"Mountain View","United States",NA
35.184.40.164,37.41919999999999,-122.0574,US,94043,"Mountain View","United States",NA
35.184.4.176,37.41919999999999,-122.0574,US,94043,"Mountain View","United States",NA
35.184.43.9,37.41919999999999,-122.0574,US,94043,"Mountain View","United States",NA
35.184.44.179,37.41919999999999,-122.0574,US,94043,"Mountain View","United States",NA
35.184.44.71,37.41919999999999,-122.0574,US,94043,"Mountain View","United States",NA
35.184.47.190,37.41919999999999,-122.0574,US,94043,"Mountain View","United States",NA
35.184.48.105,37.41919999999999,-122.0574,US,94043,"Mountain View","United States",NA
35.184.48.200,37.41919999999999,-122.0574,US,94043,"Mountain View","United States",NA
35.184.49.240,37.41919999999999,-122.0574,US,94043,"Mountain View","United States",NA
35.184.51.117,37.41919999999999,-122.0574,US,94043,"Mountain View","United States",NA
35.184.51.14,37.41919999999999,-122.0574,US,94043,"Mountain View","United States",NA
35.184.5.155,37.41919999999999,-122.0574,US,94043,"Mountain View","United States",NA
35.184.53.249,37.41919999999999,-122.0574,US,94043,"Mountain View","United States",NA
35.184.54.16,37.41919999999999,-122.0574,US,94043,"Mountain View","United States",NA
35.184.55.24,37.41919999999999,-122.0574,US,94043,"Mountain View","United States",NA
35.184.55.63,37.41919999999999,-122.0574,US,94043,"Mountain View","United States",NA
35.184.56.111,37.41919999999999,-122.0574,US,94043,"Mountain View","United States",NA
35.184.56.166,37.41919999999999,-122.0574,US,94043,"Mountain View","United States",NA
35.184.56.176,37.41919999999999,-122.0574,US,94043,"Mountain View","United States",NA
35.184.57.30,37.41919999999999,-122.0574,US,94043,"Mountain View","United States",NA
35.184.60.112,37.41919999999999,-122.0574,US,94043,"Mountain View","United States",NA
35.184.60.254,37.41919999999999,-122.0574,US,94043,"Mountain View","United States",NA
35.184.63.148,37.41919999999999,-122.0574,US,94043,"Mountain View","United States",NA
35.184.63.21,37.41919999999999,-122.0574,US,94043,"Mountain View","United States",NA
35.184.66.195,37.41919999999999,-122.0574,US,94043,"Mountain View","United States",NA
35.184.69.35,37.41919999999999,-122.0574,US,94043,"Mountain View","United States",NA
35.184.71.67,37.41919999999999,-122.0574,US,94043,"Mountain View","United States",NA
35.184.72.15,37.41919999999999,-122.0574,US,94043,"Mountain View","United States",NA
35.184.7.224,37.41919999999999,-122.0574,US,94043,"Mountain View","United States",NA
35.184.7.251,37.41919999999999,-122.0574,US,94043,"Mountain View","United States",NA
35.184.73.174,37.41919999999999,-122.0574,US,94043,"Mountain View","United States",NA
35.184.76.123,37.41919999999999,-122.0574,US,94043,"Mountain View","United States",NA
35.184.76.68,37.41919999999999,-122.0574,US,94043,"Mountain View","United States",NA
35.184.77.17,37.41919999999999,-122.0574,US,94043,"Mountain View","United States",NA
35.184.77.177,37.41919999999999,-122.0574,US,94043,"Mountain View","United States",NA
35.184.77.235,37.41919999999999,-122.0574,US,94043,"Mountain View","United States",NA
35.184.77.89,37.41919999999999,-122.0574,US,94043,"Mountain View","United States",NA
35.184.78.52,37.41919999999999,-122.0574,US,94043,"Mountain View","United States",NA
35.184.79.21,37.41919999999999,-122.0574,US,94043,"Mountain View","United States",NA
35.184.79.40,37.41919999999999,-122.0574,US,94043,"Mountain View","United States",NA
35.184.80.116,37.41919999999999,-122.0574,US,94043,"Mountain View","United States",NA
35.184.81.99,37.41919999999999,-122.0574,US,94043,"Mountain View","United States",NA
35.184.82.20,37.41919999999999,-122.0574,US,94043,"Mountain View","United States",NA
35.184.83.169,37.41919999999999,-122.0574,US,94043,"Mountain View","United States",NA
35.184.85.143,37.41919999999999,-122.0574,US,94043,"Mountain View","United States",NA
35.184.88.117,37.41919999999999,-122.0574,US,94043,"Mountain View","United States",NA
35.184.88.148,37.41919999999999,-122.0574,US,94043,"Mountain View","United States",NA
35.184.89.217,37.41919999999999,-122.0574,US,94043,"Mountain View","United States",NA
35.184.89.72,37.41919999999999,-122.0574,US,94043,"Mountain View","United States",NA
35.184.90.108,37.41919999999999,-122.0574,US,94043,"Mountain View","United States",NA
35.184.90.227,37.41919999999999,-122.0574,US,94043,"Mountain View","United States",NA
35.184.91.160,37.41919999999999,-122.0574,US,94043,"Mountain View","United States",NA
35.184.91.67,37.41919999999999,-122.0574,US,94043,"Mountain View","United States",NA
35.184.93.64,37.41919999999999,-122.0574,US,94043,"Mountain View","United States",NA
35.184.94.231,37.41919999999999,-122.0574,US,94043,"Mountain View","United States",NA
36.248.112.124,26.061399999999992,119.30610000000001,CN,,"Fuzhou","China",AS
41.205.135.92,-22.569999999999993,17.08359999999999,NA,,"Windhoek","Namibia",AF
41.224.67.152,34.0,9.0,TN,,"","Tunisia",AF
41.82.120.113,14.0,-14.0,SN,,"","Senegal",AF
41.82.36.173,14.0,-14.0,SN,,"","Senegal",AF
46.127.92.192,46.754999999999995,7.034999999999997,CH,1741,"Cottens","Switzerland",EU
46.225.82.138,35.7261,51.3304,IR,,"Tehran","Iran, Islamic Republic of",AS
46.4.152.8,51.29929999999999,9.491000000000014,DE,,"","Germany",EU
46.59.146.59,53.55000000000001,10.0,DE,21147,"Hamburg","Germany",EU
46.59.169.56,53.67359999999999,9.983300000000014,DE,22848,"Norderstedt","Germany",EU
46.59.252.99,53.55529999999999,9.995000000000005,DE,20099,"Hamburg","Germany",EU
46.86.252.196,51.29929999999999,9.491000000000014,DE,,"","Germany",EU
46.86.255.90,51.29929999999999,9.491000000000014,DE,,"","Germany",EU
46.90.231.210,51.29929999999999,9.491000000000014,DE,,"","Germany",EU
5.146.248.45,51.48079999999999,7.148599999999988,DE,44866,"Bochum","Germany",EU
5.187.21.14,51.496399999999994,-0.12239999999999895,GB,,"","United Kingdom",EU
5.189.166.30,51.29929999999999,9.491000000000014,DE,,"","Germany",EU
52.201.219.241,39.048100000000005,-77.4728,US,20149,"Ashburn","United States",NA
52.201.219.99,39.048100000000005,-77.4728,US,20149,"Ashburn","United States",NA
52.201.240.211,39.048100000000005,-77.4728,US,20149,"Ashburn","United States",NA
52.201.248.146,39.048100000000005,-77.4728,US,20149,"Ashburn","United States",NA
52.207.241.17,39.048100000000005,-77.4728,US,20149,"Ashburn","United States",NA
52.23.167.81,39.048100000000005,-77.4728,US,20149,"Ashburn","United States",NA
52.26.144.5,45.86959999999999,-119.688,US,97818,"Boardman","United States",NA
52.44.78.35,39.048100000000005,-77.4728,US,20149,"Ashburn","United States",NA
52.53.167.130,37.33879999999999,-121.8914,US,95141,"San Jose","United States",NA
52.87.167.163,39.048100000000005,-77.4728,US,20149,"Ashburn","United States",NA
52.87.192.175,39.048100000000005,-77.4728,US,20149,"Ashburn","United States",NA
52.87.245.122,39.048100000000005,-77.4728,US,20149,"Ashburn","United States",NA
52.90.138.126,39.048100000000005,-77.4728,US,20149,"Ashburn","United States",NA
52.90.143.117,39.048100000000005,-77.4728,US,20149,"Ashburn","United States",NA
52.90.154.251,39.048100000000005,-77.4728,US,20149,"Ashburn","United States",NA
52.90.162.171,39.048100000000005,-77.4728,US,20149,"Ashburn","United States",NA
52.90.193.145,39.048100000000005,-77.4728,US,20149,"Ashburn","United States",NA
52.90.219.72,39.048100000000005,-77.4728,US,20149,"Ashburn","United States",NA
52.90.44.81,39.048100000000005,-77.4728,US,20149,"Ashburn","United States",NA
52.90.58.115,39.048100000000005,-77.4728,US,20149,"Ashburn","United States",NA
52.91.124.102,39.048100000000005,-77.4728,US,20149,"Ashburn","United States",NA
52.91.134.23,39.048100000000005,-77.4728,US,20149,"Ashburn","United States",NA
52.91.151.98,39.048100000000005,-77.4728,US,20149,"Ashburn","United States",NA
52.91.156.232,39.048100000000005,-77.4728,US,20149,"Ashburn","United States",NA
52.91.168.150,39.048100000000005,-77.4728,US,20149,"Ashburn","United States",NA
52.91.178.124,39.048100000000005,-77.4728,US,20149,"Ashburn","United States",NA
52.91.2.121,39.048100000000005,-77.4728,US,20149,"Ashburn","United States",NA
52.91.237.230,39.048100000000005,-77.4728,US,20149,"Ashburn","United States",NA
52.91.30.249,39.048100000000005,-77.4728,US,20149,"Ashburn","United States",NA
52.91.54.192,39.048100000000005,-77.4728,US,20149,"Ashburn","United States",NA
54.146.151.158,39.048100000000005,-77.4728,US,20149,"Ashburn","United States",NA
54.146.62.227,39.048100000000005,-77.4728,US,20149,"Ashburn","United States",NA
54.147.193.159,39.048100000000005,-77.4728,US,20149,"Ashburn","United States",NA
54.152.201.136,39.048100000000005,-77.4728,US,20149,"Ashburn","United States",NA
54.157.46.115,39.048100000000005,-77.4728,US,20149,"Ashburn","United States",NA
54.158.5.180,39.048100000000005,-77.4728,US,20149,"Ashburn","United States",NA
54.159.201.45,39.048100000000005,-77.4728,US,20149,"Ashburn","United States",NA
54.159.95.69,39.048100000000005,-77.4728,US,20149,"Ashburn","United States",NA
54.162.43.226,39.048100000000005,-77.4728,US,20149,"Ashburn","United States",NA
54.164.132.189,39.048100000000005,-77.4728,US,20149,"Ashburn","United States",NA
54.164.163.244,39.048100000000005,-77.4728,US,20149,"Ashburn","United States",NA
54.164.182.213,39.048100000000005,-77.4728,US,20149,"Ashburn","United States",NA
54.165.52.140,39.048100000000005,-77.4728,US,20149,"Ashburn","United States",NA
54.165.94.234,39.048100000000005,-77.4728,US,20149,"Ashburn","United States",NA
54.166.140.156,39.048100000000005,-77.4728,US,20149,"Ashburn","United States",NA
54.166.142.151,39.048100000000005,-77.4728,US,20149,"Ashburn","United States",NA
54.167.55.145,39.048100000000005,-77.4728,US,20149,"Ashburn","United States",NA
54.172.123.85,39.048100000000005,-77.4728,US,20149,"Ashburn","United States",NA
54.172.132.101,39.048100000000005,-77.4728,US,20149,"Ashburn","United States",NA
54.172.245.40,39.048100000000005,-77.4728,US,20149,"Ashburn","United States",NA
54.172.35.254,39.048100000000005,-77.4728,US,20149,"Ashburn","United States",NA
54.172.45.220,39.048100000000005,-77.4728,US,20149,"Ashburn","United States",NA
54.172.98.228,39.048100000000005,-77.4728,US,20149,"Ashburn","United States",NA
54.173.105.36,39.048100000000005,-77.4728,US,20149,"Ashburn","United States",NA
54.173.247.80,39.048100000000005,-77.4728,US,20149,"Ashburn","United States",NA
54.173.33.201,39.048100000000005,-77.4728,US,20149,"Ashburn","United States",NA
54.173.56.26,39.048100000000005,-77.4728,US,20149,"Ashburn","United States",NA
54.173.98.119,39.048100000000005,-77.4728,US,20149,"Ashburn","United States",NA
54.174.160.188,39.048100000000005,-77.4728,US,20149,"Ashburn","United States",NA
54.175.155.186,39.048100000000005,-77.4728,US,20149,"Ashburn","United States",NA
54.175.225.72,39.048100000000005,-77.4728,US,20149,"Ashburn","United States",NA
54.175.253.222,39.048100000000005,-77.4728,US,20149,"Ashburn","United States",NA
54.183.30.232,37.33879999999999,-121.8914,US,95141,"San Jose","United States",NA
54.183.5.146,37.33879999999999,-121.8914,US,95141,"San Jose","United States",NA
54.195.158.23,53.338899999999995,-6.259500000000003,IE,,"Dublin","Ireland",EU
54.195.162.223,53.338899999999995,-6.259500000000003,IE,,"Dublin","Ireland",EU
54.196.18.228,39.048100000000005,-77.4728,US,20149,"Ashburn","United States",NA
54.196.26.101,39.048100000000005,-77.4728,US,20149,"Ashburn","United States",NA
54.197.115.221,39.048100000000005,-77.4728,US,20149,"Ashburn","United States",NA
54.197.160.24,39.048100000000005,-77.4728,US,20149,"Ashburn","United States",NA
54.197.172.22,39.048100000000005,-77.4728,US,20149,"Ashburn","United States",NA
54.197.215.84,39.048100000000005,-77.4728,US,20149,"Ashburn","United States",NA
54.198.234.166,39.048100000000005,-77.4728,US,20149,"Ashburn","United States",NA
54.198.75.245,39.048100000000005,-77.4728,US,20149,"Ashburn","United States",NA
54.205.38.201,39.048100000000005,-77.4728,US,20149,"Ashburn","United States",NA
54.205.41.20,39.048100000000005,-77.4728,US,20149,"Ashburn","United States",NA
54.209.16.114,39.048100000000005,-77.4728,US,20149,"Ashburn","United States",NA
54.210.195.71,39.048100000000005,-77.4728,US,20149,"Ashburn","United States",NA
54.210.29.170,39.048100000000005,-77.4728,US,20149,"Ashburn","United States",NA
54.210.33.144,39.048100000000005,-77.4728,US,20149,"Ashburn","United States",NA
54.210.48.239,39.048100000000005,-77.4728,US,20149,"Ashburn","United States",NA
54.216.108.223,53.338899999999995,-6.259500000000003,IE,,"Dublin","Ireland",EU
54.216.98.157,53.338899999999995,-6.259500000000003,IE,,"Dublin","Ireland",EU
54.224.220.108,39.048100000000005,-77.4728,US,20149,"Ashburn","United States",NA
54.226.123.12,39.048100000000005,-77.4728,US,20149,"Ashburn","United States",NA
54.226.136.248,39.048100000000005,-77.4728,US,20149,"Ashburn","United States",NA
54.226.152.128,39.048100000000005,-77.4728,US,20149,"Ashburn","United States",NA
54.227.175.241,39.048100000000005,-77.4728,US,20149,"Ashburn","United States",NA
54.227.190.53,39.048100000000005,-77.4728,US,20149,"Ashburn","United States",NA
54.229.224.162,53.338899999999995,-6.259500000000003,IE,,"Dublin","Ireland",EU
54.234.144.48,39.048100000000005,-77.4728,US,20149,"Ashburn","United States",NA
54.235.231.141,39.048100000000005,-77.4728,US,20149,"Ashburn","United States",NA
54.235.234.139,39.048100000000005,-77.4728,US,20149,"Ashburn","United States",NA
54.236.105.212,39.048100000000005,-77.4728,US,20149,"Ashburn","United States",NA
54.237.196.13,39.048100000000005,-77.4728,US,20149,"Ashburn","United States",NA
54.237.202.177,39.048100000000005,-77.4728,US,20149,"Ashburn","United States",NA
54.237.246.239,39.048100000000005,-77.4728,US,20149,"Ashburn","United States",NA
54.242.25.254,39.048100000000005,-77.4728,US,20149,"Ashburn","United States",NA
54.67.32.26,37.33879999999999,-121.8914,US,95141,"San Jose","United States",NA
54.73.34.247,53.338899999999995,-6.259500000000003,IE,,"Dublin","Ireland",EU
54.74.128.69,53.338899999999995,-6.259500000000003,IE,,"Dublin","Ireland",EU
54.82.184.112,39.048100000000005,-77.4728,US,20149,"Ashburn","United States",NA
54.84.53.100,39.048100000000005,-77.4728,US,20149,"Ashburn","United States",NA
54.85.0.84,39.048100000000005,-77.4728,US,20149,"Ashburn","United States",NA
54.86.158.221,39.048100000000005,-77.4728,US,20149,"Ashburn","United States",NA
54.86.85.72,39.048100000000005,-77.4728,US,20149,"Ashburn","United States",NA
54.87.131.176,39.048100000000005,-77.4728,US,20149,"Ashburn","United States",NA
54.87.171.60,39.048100000000005,-77.4728,US,20149,"Ashburn","United States",NA
54.87.234.87,39.048100000000005,-77.4728,US,20149,"Ashburn","United States",NA
54.87.235.163,39.048100000000005,-77.4728,US,20149,"Ashburn","United States",NA
54.87.237.76,39.048100000000005,-77.4728,US,20149,"Ashburn","United States",NA
54.88.13.130,39.048100000000005,-77.4728,US,20149,"Ashburn","United States",NA
54.88.150.101,39.048100000000005,-77.4728,US,20149,"Ashburn","United States",NA
54.90.205.30,39.048100000000005,-77.4728,US,20149,"Ashburn","United States",NA
54.91.130.230,39.048100000000005,-77.4728,US,20149,"Ashburn","United States",NA
54.91.201.62,39.048100000000005,-77.4728,US,20149,"Ashburn","United States",NA
54.91.74.170,39.048100000000005,-77.4728,US,20149,"Ashburn","United States",NA
5.78.194.43,35.7261,51.3304,IR,,"Tehran","Iran, Islamic Republic of",AS
62.178.221.7,48.2167,16.400000000000006,AT,1020,"Vienna","Austria",EU
62.75.143.223,48.5839,7.745499999999993,FR,67100,"Strassbourg","France",EU
64.110.196.92,52.09610000000001,-106.6252,CA,S7J,"Saskatoon","Canada",NA
64.127.68.171,39.7388,-104.4083,US,80238,"Denver","United States",NA
66.76.19.60,33.44300000000001,-101.8437,US,79423,"Lubbock","United States",NA
67.165.216.202,40.0496,-105.2769,US,80304,"Boulder","United States",NA
67.222.205.31,41.53800000000001,-96.1944,US,68008,"Blair","United States",NA
69.138.212.3,38.7551,-76.9805,US,20744,"Fort Washington","United States",NA
71.164.221.88,32.9478,-96.8915,US,75006,"Carrollton","United States",NA
72.139.31.122,43.6319,-79.3716,CA,,"","Canada",NA
73.201.12.57,39.456199999999995,-77.9639,US,25404,"Martinsburg","United States",NA
74.51.1.19,35.47239999999999,-86.7524,US,37091,"Lewisburg","United States",NA
75.109.169.7,35.2054,-101.8345,US,79101,"Amarillo","United States",NA
76.85.128.104,40.161,-97.1899,US,68352,"Fairbury","United States",NA
77.181.205.254,51.447,7.038099999999986,DE,45138,"Essen","Germany",EU
77.181.97.0,51.29929999999999,9.491000000000014,DE,,"","Germany",EU
77.182.129.188,51.483300000000014,7.216700000000003,DE,44801,"Bochum","Germany",EU
77.182.184.62,51.67670000000001,8.341100000000012,DE,59555,"Lippstadt","Germany",EU
77.22.27.85,52.30000000000001,8.133299999999991,DE,49191,"Belm","Germany",EU
77.23.165.41,52.288700000000006,8.089200000000005,DE,49086,"Osnabrück","Germany",EU
77.8.157.128,51.796400000000006,9.397400000000005,DE,37671,"Höxter","Germany",EU
78.197.65.65,45.185599999999994,4.217000000000013,FR,43200,"Lapte","France",EU
78.53.49.26,50.952499999999986,6.957099999999997,DE,50670,"Köln","Germany",EU
80.100.229.35,52.18860000000001,5.393599999999992,NL,3823,"Amersfoort","Netherlands",EU
80.147.131.62,51.29929999999999,9.491000000000014,DE,,"","Germany",EU
80.187.106.93,51.29929999999999,9.491000000000014,DE,,"","Germany",EU
82.137.163.78,45.0488,38.9725,RU,,"","Russian Federation",EU
82.200.154.115,48.0,68.0,KZ,,"","Kazakhstan",AS
8.34.212.24,37.41919999999999,-122.0574,US,94043,"Mountain View","United States",NA
8.34.216.246,37.41919999999999,-122.0574,US,94043,"Mountain View","United States",NA
83.54.191.157,38.345200000000006,-0.48150000000001114,ES,03002,"Alicante","Spain",EU
84.124.198.75,37.986999999999995,-1.1299999999999955,ES,30002,"Murcia","Spain",EU
84.152.80.233,47.88329999999999,7.666699999999992,DE,79423,"Heitersheim","Germany",EU
84.75.36.118,47.36670000000001,8.550000000000011,CH,8010,"Zurich","Switzerland",EU
85.23.156.222,65.23330000000001,25.38329999999999,FI,90100,"Oulu","Finland",EU
85.25.195.250,51.650000000000006,6.183300000000003,DE,47652,"Höst","Germany",EU
86.172.234.135,53.46629999999999,-2.1341999999999928,GB,M40,"Manchester","United Kingdom",EU
86.238.188.185,48.85820000000001,2.3386999999999887,FR,,"","France",EU
87.113.206.195,51.63329999999999,-0.18330000000000268,GB,N20,"Totteridge","United Kingdom",EU
87.182.120.109,51.29929999999999,9.491000000000014,DE,,"","Germany",EU
87.182.122.4,51.29929999999999,9.491000000000014,DE,,"","Germany",EU
89.161.45.138,53.13329999999999,23.150000000000006,PL,15-410,"Bialystok","Poland",EU
89.21.4.199,51.496399999999994,-0.12239999999999895,GB,,"","United Kingdom",EU
89.240.229.231,53.46629999999999,-2.1341999999999928,GB,M40,"Manchester","United Kingdom",EU
90.146.92.234,48.360000000000014,14.258499999999998,AT,4040,"Linz","Austria",EU
90.147.26.254,44.4264,8.915199999999999,IT,16123,"Genova","Italy",EU
91.118.163.36,48.19999999999999,16.36670000000001,AT,,"","Austria",EU
91.186.77.117,59.94999999999999,10.75,NO,,"","Norway",EU
91.99.47.93,35.6961,51.423100000000005,IR,,"","Iran, Islamic Republic of",AS
92.228.143.173,51.4631,6.974099999999993,DE,45143,"Essen","Germany",EU
93.146.151.97,45.46430000000001,9.18950000000001,IT,20149,"Milan","Italy",EU
93.220.64.57,52.5155,13.406200000000013,DE,10317,"Berlin","Germany",EU
93.239.33.69,51.29929999999999,9.491000000000014,DE,,"","Germany",EU
93.239.36.150,51.29929999999999,9.491000000000014,DE,,"","Germany",EU
93.239.36.33,51.29929999999999,9.491000000000014,DE,,"","Germany",EU
93.239.37.14,51.29929999999999,9.491000000000014,DE,,"","Germany",EU
93.239.37.253,51.29929999999999,9.491000000000014,DE,,"","Germany",EU
93.239.39.43,51.29929999999999,9.491000000000014,DE,,"","Germany",EU
93.239.40.148,51.29929999999999,9.491000000000014,DE,,"","Germany",EU
93.239.40.159,51.29929999999999,9.491000000000014,DE,,"","Germany",EU
93.239.40.51,51.29929999999999,9.491000000000014,DE,,"","Germany",EU
93.239.42.67,51.29929999999999,9.491000000000014,DE,,"","Germany",EU
93.239.43.159,51.29929999999999,9.491000000000014,DE,,"","Germany",EU
93.239.43.18,51.29929999999999,9.491000000000014,DE,,"","Germany",EU
93.239.43.184,51.29929999999999,9.491000000000014,DE,,"","Germany",EU
93.239.43.225,51.29929999999999,9.491000000000014,DE,,"","Germany",EU
93.239.44.177,51.29929999999999,9.491000000000014,DE,,"","Germany",EU
93.70.15.207,45.46430000000001,9.18950000000001,IT,20133,"Milan","Italy",EU
94.23.250.192,48.85820000000001,2.3386999999999887,FR,,"","France",EU
95.165.156.197,55.74850000000001,37.61840000000001,RU,101194,"Moscow","Russian Federation",EU
